날짜,조회수
2023-04-22,0
2023-04-23,0
2023-04-24,0
2023-04-25,0
2023-04-26,0
2023-04-27,0
2023-04-28,19
2023-04-29,108
2023-04-30,13
2023-05-01,32
2023-05-02,18
2023-05-03,6
2023-05-04,15
2023-05-05,4
2023-05-06,7
2023-05-07,11
2023-05-08,4
2023-05-09,14
2023-05-10,4
2023-05-11,3
2023-05-12,5
2023-05-13,2
2023-05-14,5
2023-05-15,0
2023-05-16,17
2023-05-17,8
2023-05-18,2
2023-05-19,12
2023-05-20,18
2023-05-21,16
2023-05-22,12
2023-05-23,23
2023-05-24,33
2023-05-25,14
2023-05-26,8
2023-05-27,14
2023-05-28,17
2023-05-29,8
2023-05-30,10
2023-05-31,22
2023-06-01,9
2023-06-02,3
2023-06-03,15
2023-06-04,10
2023-06-05,13
2023-06-06,17
2023-06-07,32
2023-06-08,16
2023-06-09,7
2023-06-10,14
2023-06-11,21
2023-06-12,23
2023-06-13,24
2023-06-14,26
2023-06-15,19
2023-06-16,21
2023-06-17,15
2023-06-18,19
2023-06-19,15
2023-06-20,22
2023-06-21,17
2023-06-22,12
2023-06-23,3
2023-06-24,10
2023-06-25,5
2023-06-26,14
2023-06-27,26
2023-06-28,16
2023-06-29,12
2023-06-30,17
2023-07-01,28
2023-07-02,29
2023-07-03,31
2023-07-04,2
2023-07-05,23
2023-07-06,19
2023-07-07,24
2023-07-08,1
2023-07-09,19
2023-07-10,22
2023-07-11,12
2023-07-12,9
2023-07-13,12
2023-07-14,5
2023-07-15,9
2023-07-16,14
2023-07-17,25
2023-07-18,29
2023-07-19,16
2023-07-20,10
2023-07-21,9
2023-07-22,10
2023-07-23,3
2023-07-24,6
2023-07-25,7
2023-07-26,6
2023-07-27,8
2023-07-28,8
2023-07-29,3
2023-07-30,6
2023-07-31,6
2023-08-01,11
2023-08-02,3
2023-08-03,3
2023-08-04,0
2023-08-05,0
2023-08-06,4
2023-08-07,4
2023-08-08,3
2023-08-09,3
2023-08-10,2
2023-08-11,1
2023-08-12,6
2023-08-13,5
2023-08-14,0
2023-08-15,0
2023-08-16,5
2023-08-17,0
2023-08-18,3
2023-08-19,12
2023-08-20,4
2023-08-21,2
2023-08-22,1
2023-08-23,1
2023-08-24,6
2023-08-25,6
2023-08-26,7
2023-08-27,0
2023-08-28,3
2023-08-29,6
2023-08-30,2
2023-08-31,2
2023-09-01,3
2023-09-02,1
2023-09-03,13
2023-09-04,4
2023-09-05,4
2023-09-06,15
2023-09-07,19
2023-09-08,18
2023-09-09,13
2023-09-10,27
2023-09-11,13
2023-09-12,32
2023-09-13,14
2023-09-14,13
2023-09-15,5
2023-09-16,5
2023-09-17,3
2023-09-18,5
2023-09-19,3
2023-09-20,13
2023-09-21,3
2023-09-22,8
2023-09-23,3
2023-09-24,16
2023-09-25,26
2023-09-26,6
2023-09-27,9
2023-09-28,6
2023-09-29,30
2023-09-30,19
2023-10-01,8
2023-10-02,15
2023-10-03,15
2023-10-04,8
2023-10-05,8
2023-10-06,8
2023-10-07,7
2023-10-08,3
2023-10-09,18
2023-10-10,11
2023-10-11,17
2023-10-12,31
2023-10-13,13
2023-10-14,25
2023-10-15,65
2023-10-16,29
2023-10-17,7
2023-10-18,7
2023-10-19,2
2023-10-20,8
2023-10-21,17
2023-10-22,7
2023-10-23,9
2023-10-24,12
2023-10-25,5
2023-10-26,5
2023-10-27,10
2023-10-28,6
2023-10-29,7
2023-10-30,17
2023-10-31,9
2023-11-01,19
2023-11-02,13
2023-11-03,8
2023-11-04,6
2023-11-05,28
2023-11-06,14
2023-11-07,41
2023-11-08,9
2023-11-09,13
2023-11-10,8
2023-11-11,2
2023-11-12,21
2023-11-13,23
2023-11-14,16
2023-11-15,19
2023-11-16,5
2023-11-17,5
2023-11-18,19
2023-11-19,21
2023-11-20,14
2023-11-21,10
2023-11-22,10
2023-11-23,8
2023-11-24,3
2023-11-25,4
2023-11-26,13
2023-11-27,17
2023-11-28,21
2023-11-29,7
2023-11-30,20
2023-12-01,11
2023-12-02,3
2023-12-03,2
2023-12-04,15
2023-12-05,5
2023-12-06,9
2023-12-07,16
2023-12-08,20
2023-12-09,28
2023-12-10,5
2023-12-11,8
2023-12-12,5
2023-12-13,7
2023-12-14,5
2023-12-15,7
2023-12-16,5
2023-12-17,10
2023-12-18,14
2023-12-19,15
2023-12-20,12
2023-12-21,7
2023-12-22,11
2023-12-23,21
2023-12-24,3
2023-12-25,7
2023-12-26,3
2023-12-27,6
2023-12-28,5
2023-12-29,3
2023-12-30,4
2023-12-31,6
2024-01-01,12
2024-01-02,20
2024-01-03,12
2024-01-04,6
2024-01-05,10
2024-01-06,10
2024-01-07,22
2024-01-08,5
2024-01-09,23
2024-01-10,13
2024-01-11,0
2024-01-12,1
2024-01-13,5
2024-01-14,3
2024-01-15,2
2024-01-16,9
2024-01-17,9
2024-01-18,15
2024-01-19,7
2024-01-20,4
2024-01-21,5
2024-01-22,12
2024-01-23,17
2024-01-24,5
2024-01-25,8
2024-01-26,8
2024-01-27,15
2024-01-28,7
2024-01-29,8
2024-01-30,17
2024-01-31,14
2024-02-01,10
2024-02-02,5
2024-02-03,2
2024-02-04,9
2024-02-05,15
2024-02-06,15
2024-02-07,15
2024-02-08,6
2024-02-09,3
2024-02-10,3
2024-02-11,76
2024-02-12,29
2024-02-13,4
2024-02-14,9
2024-02-15,55
2024-02-16,31
2024-02-17,49
2024-02-18,26
2024-02-19,52
2024-02-20,15
2024-02-21,22
2024-02-22,27
2024-02-23,8
2024-02-24,9
2024-02-25,16
2024-02-26,21
2024-02-27,12
2024-02-28,23
2024-02-29,49
2024-03-01,66
2024-03-02,27
2024-03-03,39
2024-03-04,19
2024-03-05,34
2024-03-06,40
2024-03-07,77
2024-03-08,85
2024-03-09,48
2024-03-10,52
2024-03-11,70
2024-03-12,81
2024-03-13,49
2024-03-14,44
2024-03-15,38
2024-03-16,70
2024-03-17,91
2024-03-18,133
2024-03-19,90
2024-03-20,45
2024-03-21,73
2024-03-22,46
2024-03-23,57
2024-03-24,35
2024-03-25,54
2024-03-26,54
2024-03-27,70
2024-03-28,61
2024-03-29,50
2024-03-30,50
2024-03-31,69
2024-04-01,77
2024-04-02,104
2024-04-03,71
2024-04-04,64
2024-04-05,78
2024-04-06,73
2024-04-07,43
2024-04-08,120
2024-04-09,67
2024-04-10,67
2024-04-11,112
2024-04-12,56
2024-04-13,45
2024-04-14,65
2024-04-15,78
2024-04-16,60
2024-04-17,82
2024-04-18,63
2024-04-19,56
2024-04-20,55
2024-04-21,84
2024-04-22,93
2024-04-23,105
2024-04-24,51
2024-04-25,39
2024-04-26,27
2024-04-27,46
2024-04-28,41
2024-04-29,58
2024-04-30,60
2024-05-01,44
2024-05-02,55
2024-05-03,31
2024-05-04,18
2024-05-05,22
2024-05-06,48
2024-05-07,27
2024-05-08,67
2024-05-09,68
2024-05-10,54
2024-05-11,64
2024-05-12,84
2024-05-13,59
2024-05-14,48
2024-05-15,82
2024-05-16,88
2024-05-17,74
2024-05-18,50
2024-05-19,26
2024-05-20,49
2024-05-21,81
2024-05-22,15
2024-05-23,17
2024-05-24,21
2024-05-25,16
2024-05-26,23
2024-05-27,18
2024-05-28,29
2024-05-29,43
2024-05-30,64
2024-05-31,48
2024-06-01,19
2024-06-02,36
2024-06-03,38
2024-06-04,34
2024-06-05,13
2024-06-06,14
2024-06-07,27
2024-06-08,10
2024-06-09,22
2024-06-10,22
2024-06-11,31
2024-06-12,30
2024-06-13,39
2024-06-14,17
2024-06-15,19
2024-06-16,37
2024-06-17,39
2024-06-18,43
2024-06-19,48
2024-06-20,42
2024-06-21,29
2024-06-22,31
2024-06-23,23
2024-06-24,17
2024-06-25,30
2024-06-26,12
2024-06-27,51
2024-06-28,28
2024-06-29,22
2024-06-30,28
2024-07-01,27
2024-07-02,46
2024-07-03,23
2024-07-04,9
2024-07-05,31
2024-07-06,37
2024-07-07,27
2024-07-08,24
2024-07-09,28
2024-07-10,16
2024-07-11,17
2024-07-12,24
2024-07-13,32
2024-07-14,22
2024-07-15,18
2024-07-16,12
2024-07-17,13
2024-07-18,22
2024-07-19,18
2024-07-20,39
2024-07-21,38
2024-07-22,54
2024-07-23,16
2024-07-24,14
2024-07-25,36
2024-07-26,33
2024-07-27,32
2024-07-28,23
2024-07-29,30
2024-07-30,15
2024-07-31,33
2024-08-01,12
2024-08-02,25
2024-08-03,23
2024-08-04,21
2024-08-05,24
2024-08-06,42
2024-08-07,25
2024-08-08,21
2024-08-09,22
2024-08-10,18
2024-08-11,7
2024-08-12,8
2024-08-13,47
2024-08-14,27
2024-08-15,28
2024-08-16,13
2024-08-17,38
2024-08-18,28
2024-08-19,61
2024-08-20,22
2024-08-21,34
2024-08-22,49
2024-08-23,29
2024-08-24,27
2024-08-25,17
2024-08-26,37
2024-08-27,30
2024-08-28,52
2024-08-29,18
2024-08-30,16
2024-08-31,19
2024-09-01,24
2024-09-02,32
2024-09-03,26
2024-09-04,49
2024-09-05,26
2024-09-06,58
2024-09-07,64
2024-09-08,29
2024-09-09,54
2024-09-10,13
2024-09-11,54
2024-09-12,42
2024-09-13,38
2024-09-14,23
2024-09-15,24
2024-09-16,33
2024-09-17,5
2024-09-18,39
2024-09-19,44
2024-09-20,54
2024-09-21,30
2024-09-22,35
2024-09-23,32
2024-09-24,41
2024-09-25,22
2024-09-26,39
2024-09-27,32
2024-09-28,25
2024-09-29,34
2024-09-30,28
2024-10-01,33
2024-10-02,23
2024-10-03,39
2024-10-04,23
2024-10-05,10
2024-10-06,35
2024-10-07,35
2024-10-08,67
2024-10-09,34
2024-10-10,30
2024-10-11,22
2024-10-12,19
2024-10-13,29
2024-10-14,49
2024-10-15,20
2024-10-16,23
2024-10-17,32
2024-10-18,23
2024-10-19,34
2024-10-20,19
2024-10-21,26
2024-10-22,21
2024-10-23,36
2024-10-24,32
2024-10-25,6
2024-10-26,25
2024-10-27,22
2024-10-28,14
2024-10-29,19
2024-10-30,55
2024-10-31,32
2024-11-01,23
2024-11-02,21
2024-11-03,41
2024-11-04,44
2024-11-05,27
2024-11-06,13
2024-11-07,11
2024-11-08,29
2024-11-09,21
2024-11-10,49
2024-11-11,19
2024-11-12,27
2024-11-13,18
2024-11-14,10
2024-11-15,12
2024-11-16,22
2024-11-17,26
2024-11-18,66
2024-11-19,34
2024-11-20,22
2024-11-21,34
2024-11-22,27
2024-11-23,17
2024-11-24,51
2024-11-25,20
2024-11-26,28
2024-11-27,33
2024-11-28,7
2024-11-29,30
2024-11-30,26
2024-12-01,28
2024-12-02,38
2024-12-03,23
2024-12-04,19
2024-12-05,41
2024-12-06,18
2024-12-07,24
2024-12-08,36
2024-12-09,32
2024-12-10,15
2024-12-11,17
2024-12-12,12
2024-12-13,34
2024-12-14,9
2024-12-15,31
2024-12-16,38
2024-12-17,5
2024-12-18,7
2024-12-19,19
2024-12-20,7
2024-12-21,11
2024-12-22,17
2024-12-23,8
2024-12-24,10
2024-12-25,5
2024-12-26,6
2024-12-27,2
2024-12-28,17
2024-12-29,9
2024-12-30,5
2024-12-31,4
2025-01-01,4
2025-01-02,14
2025-01-03,14
2025-01-04,11
2025-01-05,12
2025-01-06,16
2025-01-07,5
2025-01-08,5
2025-01-09,21
2025-01-10,7
2025-01-11,15
2025-01-12,25
2025-01-13,26
2025-01-14,10
2025-01-15,9
2025-01-16,15
2025-01-17,11
2025-01-18,11
2025-01-19,17
2025-01-20,12
2025-01-21,28
2025-01-22,13
2025-01-23,19
2025-01-24,8
2025-01-25,6
2025-01-26,5
2025-01-27,12
2025-01-28,13
2025-01-29,16
2025-01-30,11
2025-01-31,21
2025-02-01,15
2025-02-02,13
2025-02-03,13
2025-02-04,9
2025-02-05,20
2025-02-06,6
2025-02-07,16
2025-02-08,17
2025-02-09,12
2025-02-10,19
2025-02-11,15
2025-02-12,11
2025-02-13,23
2025-02-14,16
2025-02-15,18
2025-02-16,19
2025-02-17,14
2025-02-18,14
2025-02-19,15
2025-02-20,7
2025-02-21,17
2025-02-22,24
2025-02-23,12
2025-02-24,17
2025-02-25,5
2025-02-26,10
2025-02-27,12
2025-02-28,8
2025-03-01,10
2025-03-02,17
2025-03-03,11
2025-03-04,9
2025-03-05,35
2025-03-06,21
2025-03-07,37
2025-03-08,15
2025-03-09,30
2025-03-10,53
2025-03-11,49
2025-03-12,37
2025-03-13,9
2025-03-14,20
2025-03-15,22
2025-03-16,17
2025-03-17,10
2025-03-18,16
2025-03-19,18
2025-03-20,26
2025-03-21,20
2025-03-22,16
2025-03-23,38
2025-03-24,22
2025-03-25,25
2025-03-26,24
2025-03-27,12
2025-03-28,36
2025-03-29,38
2025-03-30,22
2025-03-31,20
2025-04-01,39
2025-04-02,36
2025-04-03,21
2025-04-04,16
2025-04-05,5
2025-04-06,38
2025-04-07,42
2025-04-08,32
2025-04-09,24
2025-04-10,14
2025-04-11,48
2025-04-12,38
2025-04-13,26
2025-04-14,34
2025-04-15,39
2025-04-16,17
2025-04-17,17
2025-04-18,35
2025-04-19,21
2025-04-20,26
2025-04-21,21
2025-04-22,11
2025-04-23,21
2025-04-24,15
2025-04-25,15
2025-04-26,10
2025-04-27,10
2025-04-28,23
2025-04-29,28
2025-04-30,53
2025-05-01,41
2025-05-02,16
2025-05-03,7
2025-05-04,14
2025-05-05,13
2025-05-06,21
2025-05-07,27
2025-05-08,35
2025-05-09,17
2025-05-10,23
2025-05-11,20
2025-05-12,13
2025-05-13,42
2025-05-14,31
2025-05-15,19
2025-05-16,36
2025-05-17,30
2025-05-18,33
2025-05-19,55
2025-05-20,25
2025-05-21,22
2025-05-22,14
2025-05-23,28
2025-05-24,14
2025-05-25,44
2025-05-26,26
2025-05-27,15
2025-05-28,30
2025-05-29,9
2025-05-30,15
2025-05-31,19
2025-06-01,23
2025-06-02,16
2025-06-03,31
2025-06-04,26
2025-06-05,17
2025-06-06,18
2025-06-07,25
2025-06-08,22
2025-06-09,23
2025-06-10,33
2025-06-11,25
2025-06-12,46
2025-06-13,22
2025-06-14,21
2025-06-15,35
2025-06-16,18
2025-06-17,20
2025-06-18,33
2025-06-19,16
2025-06-20,43
2025-06-21,27
2025-06-22,22
2025-06-23,30
2025-06-24,14
2025-06-25,31
2025-06-26,26
2025-06-27,35
2025-06-28,6
2025-06-29,13
2025-06-30,11
2025-07-01,24
2025-07-02,10
2025-07-03,18
2025-07-04,20
2025-07-05,34
2025-07-06,16
2025-07-07,14
2025-07-08,14
2025-07-09,17
2025-07-10,19
2025-07-11,10
2025-07-12,14
2025-07-13,3
2025-07-14,16
2025-07-15,10
2025-07-16,7
2025-07-17,8
2025-07-18,7
2025-07-19,6
2025-07-20,54
2025-07-21,21
2025-07-22,21
2025-07-23,22
2025-07-24,6
2025-07-25,5
2025-07-26,15
2025-07-27,10
2025-07-28,10
2025-07-29,20
2025-07-30,20
2025-07-31,8
2025-08-01,8
2025-08-02,7
2025-08-03,11
2025-08-04,9
2025-08-05,7
2025-08-06,7
2025-08-07,10
2025-08-08,21
2025-08-09,4
2025-08-10,10
2025-08-11,18
2025-08-12,33
2025-08-13,31
2025-08-14,13
2025-08-15,5
2025-08-16,13
2025-08-17,20
2025-08-18,10
2025-08-19,23
2025-08-20,12
2025-08-21,38
2025-08-22,121
2025-08-23,40
2025-08-24,23
2025-08-25,86
2025-08-26,75
2025-08-27,69
2025-08-28,32
2025-08-29,41
2025-08-30,279
2025-08-31,263
2025-09-01,187
2025-09-02,77
2025-09-03,94
2025-09-04,107
2025-09-05,86
2025-09-06,58
2025-09-07,48
2025-09-08,88
2025-09-09,109
2025-09-10,77
2025-09-11,94
2025-09-12,46
2025-09-13,44
2025-09-14,87
2025-09-15,85
2025-09-16,83
2025-09-17,49
2025-09-18,43
2025-09-19,29
2025-09-20,40
2025-09-21,101
2025-09-22,77
2025-09-23,34
2025-09-24,51
2025-09-25,20
2025-09-26,17
2025-09-27,20
2025-09-28,19
2025-09-29,84
2025-09-30,55
2025-10-01,158
2025-10-02,83
2025-10-03,15
2025-10-04,20
2025-10-05,20
2025-10-06,9
2025-10-07,16
2025-10-08,37
2025-10-09,17
2025-10-10,35
2025-10-11,32
2025-10-12,36
2025-10-13,48
2025-10-14,42
2025-10-15,31
2025-10-16,34
2025-10-17,43
2025-10-18,73
2025-10-19,249
2025-10-20,192
2025-10-21,45
2025-10-22,64
2025-10-23,40
2025-10-24,68
2025-10-25,25
2025-10-26,34
2025-10-27,43
2025-10-28,33
2025-10-29,98
2025-10-30,56
2025-10-31,39
2025-11-01,49
2025-11-02,87
2025-11-03,82
2025-11-04,96
2025-11-05,56
2025-11-06,42
2025-11-07,57
2025-11-08,27
2025-11-09,40
2025-11-10,33
2025-11-11,44
2025-11-12,30
2025-11-13,28
2025-11-14,13
2025-11-15,10
2025-11-16,31
2025-11-17,96
2025-11-18,19
2025-11-19,44
2025-11-20,41
2025-11-21,76
2025-11-22,67
2025-11-23,86
2025-11-24,101
2025-11-25,55
2025-11-26,44
2025-11-27,18
2025-11-28,68
2025-11-29,72
2025-11-30,59
2025-12-01,347
2025-12-02,1086
2025-12-03,1102
2025-12-04,1147
2025-12-05,1734
2025-12-06,1362
2025-12-07,1243
2025-12-08,1257
2025-12-09,1233
2025-12-10,1660
2025-12-11,1758
2025-12-12,1606
2025-12-13,1646
2025-12-14,1760
2025-12-15,2000
2025-12-16,1960
2025-12-17,1803
2025-12-18,1807
2025-12-19,2847
2025-12-20,2586
2025-12-21,1627
2025-12-22,1705
2025-12-23,2619
2025-12-24,2590
2025-12-25,2470
2025-12-26,2947
2025-12-27,2390
2025-12-28,2523
2025-12-29,2423
2025-12-30,2765
2025-12-31,1682
2026-01-01,1772
2026-01-02,1541
2026-01-03,1352
2026-01-04,1283
2026-01-05,1137
2026-01-06,1017
2026-01-07,1010
2026-01-08,932
2026-01-09,715
2026-01-10,799
2026-01-11,616
2026-01-12,993
2026-01-13,902
2026-01-14,959
2026-01-15,911
2026-01-16,942
2026-01-17,814
2026-01-18,1005
2026-01-19,680
2026-01-20,588
2026-01-21,651
2026-01-22,649
2026-01-23,801
2026-01-24,930
2026-01-25,1247
2026-01-26,1235
2026-01-27,1225
2026-01-28,1150
2026-01-29,1072
2026-01-30,965
2026-01-31,776
2026-02-01,837
2026-02-02,861
2026-02-03,813
2026-02-04,1058
2026-02-05,1086
2026-02-06,859
2026-02-07,818
2026-02-08,1252
2026-02-09,950
2026-02-10,1071
2026-02-11,1028
2026-02-12,782
2026-02-13,979
2026-02-14,652
2026-02-15,512
2026-02-16,584
2026-02-17,734
2026-02-18,1113
2026-02-19,870
2026-02-20,641
2026-02-21,528
2026-02-22,497
2026-02-23,456
2026-02-24,558
2026-02-25,463
2026-02-26,334
2026-02-27,397
2026-02-28,368
2026-03-01,428
2026-03-02,506
2026-03-03,472
2026-03-04,368
2026-03-05,466
2026-03-06,688
2026-03-07,583
2026-03-08,539
2026-03-09,700
2026-03-10,516
2026-03-11,462
2026-03-12,399
2026-03-13,492
2026-03-14,478
2026-03-15,574
2026-03-16,484
2026-03-17,490
2026-03-18,399
2026-03-19,406
2026-03-20,489
2026-03-21,483
2026-03-22,539
